,event_id,source_type,station_network_code,station_channel_code,station_code,station_location_code,station_latitude_deg,station_longitude_deg,station_elevation_m,trace_name,trace_sampling_rate_hz,trace_start_time,trace_S_arrival_sample,trace_P_arrival_sample,trace_S_onset,trace_P_onset,trace_snr_db,trace_s_arrival,trace_p_arrival
0, , ,CIDAS, ,das40, ,59.3598489765,-152.114442925,-61.9195460224, ,25,2023-12-30T23:57:57.200000Z, , , , , ,,
1, , ,CIDAS, ,das40, ,59.3598489765,-152.114442925,-61.9195460224, ,25,2023-12-30T22:35:57.200000Z, , , , , ,2023-12-30T22:36:42.369998Z,
2, , ,CIDAS, ,das40, ,59.3598489765,-152.114442925,-61.9195460224, ,25,2023-12-30T20:36:57.200000Z, , , , , ,,
3, , ,CIDAS, ,das40, ,59.3598489765,-152.114442925,-61.9195460224, ,25,2023-12-30T19:35:57.200000Z, , , , , ,,
4, , ,CIDAS, ,das40, ,59.3598489765,-152.114442925,-61.9195460224, ,25,2023-12-30T16:13:57.200000Z, , , , , ,,
5, , ,CIDAS, ,das40, ,59.3598489765,-152.114442925,-61.9195460224, ,25,2023-12-30T14:54:57.200000Z, , , , , ,,
6, , ,CIDAS, ,das40, ,59.3598489765,-152.114442925,-61.9195460224, ,25,2023-12-30T12:14:57.200000Z, , , , , ,,
7, , ,CIDAS, ,das40, ,59.3598489765,-152.114442925,-61.9195460224, ,25,2023-12-30T12:12:57.200000Z, , , , , ,,
8, , ,CIDAS, ,das40, ,59.3598489765,-152.114442925,-61.9195460224, ,25,2023-12-30T11:36:57.200000Z, , , , , ,,
9, , ,CIDAS, ,das40, ,59.3598489765,-152.114442925,-61.9195460224, ,25,2023-12-30T08:56:57.200000Z, , , , , ,,
10, , ,CIDAS, ,das40, ,59.3598489765,-152.114442925,-61.9195460224, ,25,2023-12-30T08:30:57.200000Z, , , , , ,,
11, , ,CIDAS, ,das40, ,59.3598489765,-152.114442925,-61.9195460224, ,25,2023-12-30T08:00:57.200000Z, , , , , ,,
12, , ,CIDAS, ,das40, ,59.3598489765,-152.114442925,-61.9195460224, ,25,2023-12-30T07:36:57.200000Z, , , , , ,,
13, , ,CIDAS, ,das40, ,59.3598489765,-152.114442925,-61.9195460224, ,25,2023-12-30T07:27:57.200000Z, , , , , ,,
14, , ,CIDAS, ,das40, ,59.3598489765,-152.114442925,-61.9195460224, ,25,2023-12-30T06:19:57.200000Z, , , , , ,,
15, , ,CIDAS, ,das40, ,59.3598489765,-152.114442925,-61.9195460224, ,25,2023-12-30T06:09:57.200000Z, , , , , ,,
16, , ,CIDAS, ,das40, ,59.3598489765,-152.114442925,-61.9195460224, ,25,2023-12-30T03:51:57.200000Z, , , , , ,,
17, , ,CIDAS, ,das40, ,59.3598489765,-152.114442925,-61.9195460224, ,25,2023-12-30T03:12:57.200000Z, , , , , ,,
18, , ,CIDAS, ,das40, ,59.3598489765,-152.114442925,-61.9195460224, ,25,2023-12-30T02:46:57.200000Z, , , , , ,,
19, , ,CIDAS, ,das40, ,59.3598489765,-152.114442925,-61.9195460224, ,25,2023-12-30T02:35:57.200000Z, , , , , ,,
20, , ,CIDAS, ,das40, ,59.3598489765,-152.114442925,-61.9195460224, ,25,2023-12-30T02:15:57.200000Z, , , , , ,,
21, , ,CIDAS, ,das40, ,59.3598489765,-152.114442925,-61.9195460224, ,25,2023-12-30T01:06:57.200000Z, , , , , ,,
22, , ,CIDAS, ,das40, ,59.3598489765,-152.114442925,-61.9195460224, ,25,2023-12-29T22:16:57.200000Z, , , , , ,,
23, , ,CIDAS, ,das40, ,59.3598489765,-152.114442925,-61.9195460224, ,25,2023-12-29T19:32:57.200000Z, , , , , ,,
24, , ,CIDAS, ,das40, ,59.3598489765,-152.114442925,-61.9195460224, ,25,2023-12-29T19:10:57.200000Z, , , , , ,,
25, , ,CIDAS, ,das40, ,59.3598489765,-152.114442925,-61.9195460224, ,25,2023-12-29T17:26:57.200000Z, , , , , ,,
26, , ,CIDAS, ,das40, ,59.3598489765,-152.114442925,-61.9195460224, ,25,2023-12-29T14:59:57.200000Z, , , , , ,,
27, , ,CIDAS, ,das40, ,59.3598489765,-152.114442925,-61.9195460224, ,25,2023-12-29T13:31:57.200000Z, , , , , ,,
28, , ,CIDAS, ,das40, ,59.3598489765,-152.114442925,-61.9195460224, ,25,2023-12-29T12:02:57.200000Z, , , , , ,,
29, , ,CIDAS, ,das40, ,59.3598489765,-152.114442925,-61.9195460224, ,25,2023-12-29T11:33:57.200000Z, , , , , ,,
30, , ,CIDAS, ,das40, ,59.3598489765,-152.114442925,-61.9195460224, ,25,2023-12-29T10:38:57.200000Z, , , , , ,,
31, , ,CIDAS, ,das40, ,59.3598489765,-152.114442925,-61.9195460224, ,25,2023-12-29T07:04:57.200000Z, , , , , ,,
32, , ,CIDAS, ,das40, ,59.3598489765,-152.114442925,-61.9195460224, ,25,2023-12-29T05:21:57.200000Z, , , , , ,,
33, , ,CIDAS, ,das40, ,59.3598489765,-152.114442925,-61.9195460224, ,25,2023-12-29T02:13:57.200000Z, , , , , ,2023-12-29T02:14:32.249999Z,2023-12-29T02:14:16.680000Z
34, , ,CIDAS, ,das40, ,59.3598489765,-152.114442925,-61.9195460224, ,25,2023-12-29T01:44:57.200000Z, , , , , ,,
35, , ,CIDAS, ,das40, ,59.3598489765,-152.114442925,-61.9195460224, ,25,2023-12-29T00:37:57.200000Z, , , , , ,,
36, , ,CIDAS, ,das40, ,59.3598489765,-152.114442925,-61.9195460224, ,25,2023-12-29T00:08:57.200000Z, , , , , ,,
37, , ,CIDAS, ,das40, ,59.3598489765,-152.114442925,-61.9195460224, ,25,2023-12-28T23:34:57.200000Z, , , , , ,,
38, , ,CIDAS, ,das40, ,59.3598489765,-152.114442925,-61.9195460224, ,25,2023-12-28T23:07:57.200000Z, , , , , ,,
39, , ,CIDAS, ,das40, ,59.3598489765,-152.114442925,-61.9195460224, ,25,2023-12-28T21:41:57.200000Z, , , , , ,,
40, , ,CIDAS, ,das40, ,59.3598489765,-152.114442925,-61.9195460224, ,25,2023-12-28T17:56:57.200000Z, , , , , ,,
41, , ,CIDAS, ,das40, ,59.3598489765,-152.114442925,-61.9195460224, ,25,2023-12-28T16:35:57.200000Z, , , , , ,,
42, , ,CIDAS, ,das40, ,59.3598489765,-152.114442925,-61.9195460224, ,25,2023-12-28T14:17:57.200000Z, , , , , ,,
43, , ,CIDAS, ,das40, ,59.3598489765,-152.114442925,-61.9195460224, ,25,2023-12-28T13:51:57.200000Z, , , , , ,,
44, , ,CIDAS, ,das40, ,59.3598489765,-152.114442925,-61.9195460224, ,25,2023-12-28T13:44:57.200000Z, , , , , ,,
45, , ,CIDAS, ,das40, ,59.3598489765,-152.114442925,-61.9195460224, ,25,2023-12-28T13:25:57.200000Z, , , , , ,,
46, , ,CIDAS, ,das40, ,59.3598489765,-152.114442925,-61.9195460224, ,25,2023-12-28T08:14:57.200000Z, , , , , ,,
47, , ,CIDAS, ,das40, ,59.3598489765,-152.114442925,-61.9195460224, ,25,2023-12-28T07:41:57.200000Z, , , , , ,2023-12-28T07:42:49.830001Z,
48, , ,CIDAS, ,das40, ,59.3598489765,-152.114442925,-61.9195460224, ,25,2023-12-28T06:15:57.200000Z, , , , , ,,
49, , ,CIDAS, ,das40, ,59.3598489765,-152.114442925,-61.9195460224, ,25,2023-12-28T04:44:57.200000Z, , , , , ,,2023-12-28T04:45:45.549998Z
50, , ,CIDAS, ,das40, ,59.3598489765,-152.114442925,-61.9195460224, ,25,2023-12-28T04:38:57.200000Z, , , , , ,,
51, , ,CIDAS, ,das40, ,59.3598489765,-152.114442925,-61.9195460224, ,25,2023-12-28T03:51:57.200000Z, , , , , ,,
52, , ,CIDAS, ,das40, ,59.3598489765,-152.114442925,-61.9195460224, ,25,2023-12-28T03:47:57.200000Z, , , , , ,,
53, , ,CIDAS, ,das40, ,59.3598489765,-152.114442925,-61.9195460224, ,25,2023-12-28T03:25:57.200000Z, , , , , ,,
54, , ,CIDAS, ,das40, ,59.3598489765,-152.114442925,-61.9195460224, ,25,2023-12-28T03:10:57.200000Z, , , , , ,,
55, , ,CIDAS, ,das40, ,59.3598489765,-152.114442925,-61.9195460224, ,25,2023-12-28T02:34:57.200000Z, , , , , ,,
56, , ,CIDAS, ,das40, ,59.3598489765,-152.114442925,-61.9195460224, ,25,2023-12-28T01:35:57.200000Z, , , , , ,,
57, , ,CIDAS, ,das40, ,59.3598489765,-152.114442925,-61.9195460224, ,25,2023-12-27T20:50:57.200000Z, , , , , ,,
58, , ,CIDAS, ,das40, ,59.3598489765,-152.114442925,-61.9195460224, ,25,2023-12-27T19:18:57.200000Z, , , , , ,,
59, , ,CIDAS, ,das40, ,59.3598489765,-152.114442925,-61.9195460224, ,25,2023-12-27T16:48:57.200000Z, , , , , ,,
60, , ,CIDAS, ,das40, ,59.3598489765,-152.114442925,-61.9195460224, ,25,2023-12-27T15:24:57.200000Z, , , , , ,,
61, , ,CIDAS, ,das40, ,59.3598489765,-152.114442925,-61.9195460224, ,25,2023-12-27T13:42:57.200000Z, , , , , ,,
62, , ,CIDAS, ,das40, ,59.3598489765,-152.114442925,-61.9195460224, ,25,2023-12-27T13:15:57.200000Z, , , , , ,,
63, , ,CIDAS, ,das40, ,59.3598489765,-152.114442925,-61.9195460224, ,25,2023-12-27T12:44:57.200000Z, , , , , ,,
64, , ,CIDAS, ,das40, ,59.3598489765,-152.114442925,-61.9195460224, ,25,2023-12-27T12:02:57.200000Z, , , , , ,,
65, , ,CIDAS, ,das40, ,59.3598489765,-152.114442925,-61.9195460224, ,25,2023-12-27T11:42:57.200000Z, , , , , ,,
66, , ,CIDAS, ,das40, ,59.3598489765,-152.114442925,-61.9195460224, ,25,2023-12-27T09:01:57.200000Z, , , , , ,,
67, , ,CIDAS, ,das40, ,59.3598489765,-152.114442925,-61.9195460224, ,25,2023-12-27T08:40:57.200000Z, , , , , ,,
68, , ,CIDAS, ,das40, ,59.3598489765,-152.114442925,-61.9195460224, ,25,2023-12-27T07:22:57.200000Z, , , , , ,,
69, , ,CIDAS, ,das40, ,59.3598489765,-152.114442925,-61.9195460224, ,25,2023-12-27T06:58:57.200000Z, , , , , ,,
70, , ,CIDAS, ,das40, ,59.3598489765,-152.114442925,-61.9195460224, ,25,2023-12-27T05:11:57.200000Z, , , , , ,,
71, , ,CIDAS, ,das40, ,59.3598489765,-152.114442925,-61.9195460224, ,25,2023-12-27T05:05:57.200000Z, , , , , ,,
72, , ,CIDAS, ,das40, ,59.3598489765,-152.114442925,-61.9195460224, ,25,2023-12-27T00:42:57.200000Z, , , , , ,,
73, , ,CIDAS, ,das40, ,59.3598489765,-152.114442925,-61.9195460224, ,25,2023-12-26T23:24:57.200000Z, , , , , ,,
74, , ,CIDAS, ,das40, ,59.3598489765,-152.114442925,-61.9195460224, ,25,2023-12-26T22:01:57.200000Z, , , , , ,,
75, , ,CIDAS, ,das40, ,59.3598489765,-152.114442925,-61.9195460224, ,25,2023-12-26T20:27:57.200000Z, , , , , ,,
76, , ,CIDAS, ,das40, ,59.3598489765,-152.114442925,-61.9195460224, ,25,2023-12-26T20:18:57.200000Z, , , , , ,,
77, , ,CIDAS, ,das40, ,59.3598489765,-152.114442925,-61.9195460224, ,25,2023-12-26T20:04:57.200000Z, , , , , ,,
78, , ,CIDAS, ,das40, ,59.3598489765,-152.114442925,-61.9195460224, ,25,2023-12-26T19:34:57.200000Z, , , , , ,,
79, , ,CIDAS, ,das40, ,59.3598489765,-152.114442925,-61.9195460224, ,25,2023-12-26T18:37:57.200000Z, , , , , ,,
80, , ,CIDAS, ,das40, ,59.3598489765,-152.114442925,-61.9195460224, ,25,2023-12-26T18:09:57.200000Z, , , , , ,,
81, , ,CIDAS, ,das40, ,59.3598489765,-152.114442925,-61.9195460224, ,25,2023-12-26T18:05:57.200000Z, , , , , ,2023-12-26T18:06:31.900001Z,
82, , ,CIDAS, ,das40, ,59.3598489765,-152.114442925,-61.9195460224, ,25,2023-12-26T14:32:57.200000Z, , , , , ,,
83, , ,CIDAS, ,das40, ,59.3598489765,-152.114442925,-61.9195460224, ,25,2023-12-26T14:27:57.200000Z, , , , , ,,
84, , ,CIDAS, ,das40, ,59.3598489765,-152.114442925,-61.9195460224, ,25,2023-12-26T13:05:57.200000Z, , , , , ,,
85, , ,CIDAS, ,das40, ,59.3598489765,-152.114442925,-61.9195460224, ,25,2023-12-26T12:43:57.200000Z, , , , , ,,
86, , ,CIDAS, ,das40, ,59.3598489765,-152.114442925,-61.9195460224, ,25,2023-12-26T12:07:57.200000Z, , , , , ,,
87, , ,CIDAS, ,das40, ,59.3598489765,-152.114442925,-61.9195460224, ,25,2023-12-26T11:26:57.200000Z, , , , , ,,
88, , ,CIDAS, ,das40, ,59.3598489765,-152.114442925,-61.9195460224, ,25,2023-12-26T10:24:57.200000Z, , , , , ,,
89, , ,CIDAS, ,das40, ,59.3598489765,-152.114442925,-61.9195460224, ,25,2023-12-26T07:59:57.200000Z, , , , , ,,
90, , ,CIDAS, ,das40, ,59.3598489765,-152.114442925,-61.9195460224, ,25,2023-12-26T07:53:57.200000Z, , , , , ,,
91, , ,CIDAS, ,das40, ,59.3598489765,-152.114442925,-61.9195460224, ,25,2023-12-26T07:18:57.200000Z, , , , , ,,
92, , ,CIDAS, ,das40, ,59.3598489765,-152.114442925,-61.9195460224, ,25,2023-12-26T07:16:57.200000Z, , , , , ,,
93, , ,CIDAS, ,das40, ,59.3598489765,-152.114442925,-61.9195460224, ,25,2023-12-26T06:35:57.200000Z, , , , , ,,
94, , ,CIDAS, ,das40, ,59.3598489765,-152.114442925,-61.9195460224, ,25,2023-12-26T06:29:57.200000Z, , , , , ,2023-12-26T06:30:34.729999Z,2023-12-26T06:30:21.050000Z
95, , ,CIDAS, ,das40, ,59.3598489765,-152.114442925,-61.9195460224, ,25,2023-12-26T06:29:57.200000Z, , , , , ,2023-12-26T06:30:34.729999Z,2023-12-26T06:30:21.050000Z
96, , ,CIDAS, ,das40, ,59.3598489765,-152.114442925,-61.9195460224, ,25,2023-12-26T05:28:57.200000Z, , , , , ,,
97, , ,CIDAS, ,das40, ,59.3598489765,-152.114442925,-61.9195460224, ,25,2023-12-26T05:13:57.200000Z, , , , , ,,
98, , ,CIDAS, ,das40, ,59.3598489765,-152.114442925,-61.9195460224, ,25,2023-12-26T04:17:57.200000Z, , , , , ,,
99, , ,CIDAS, ,das40, ,59.3598489765,-152.114442925,-61.9195460224, ,25,2023-12-25T21:04:57.200000Z, , , , , ,,
100, , ,CIDAS, ,das40, ,59.3598489765,-152.114442925,-61.9195460224, ,25,2023-12-25T20:52:57.200000Z, , , , , ,,
101, , ,CIDAS, ,das40, ,59.3598489765,-152.114442925,-61.9195460224, ,25,2023-12-25T20:44:57.200000Z, , , , , ,2023-12-25T20:45:39.659999Z,2023-12-25T20:45:32.339999Z
102, , ,CIDAS, ,das40, ,59.3598489765,-152.114442925,-61.9195460224, ,25,2023-12-25T19:41:57.200000Z, , , , , ,,
103, , ,CIDAS, ,das40, ,59.3598489765,-152.114442925,-61.9195460224, ,25,2023-12-25T19:32:57.200000Z, , , , , ,,
104, , ,CIDAS, ,das40, ,59.3598489765,-152.114442925,-61.9195460224, ,25,2023-12-25T18:07:57.200000Z, , , , , ,,
105, , ,CIDAS, ,das40, ,59.3598489765,-152.114442925,-61.9195460224, ,25,2023-12-25T17:19:57.200000Z, , , , , ,,
106, , ,CIDAS, ,das40, ,59.3598489765,-152.114442925,-61.9195460224, ,25,2023-12-25T17:14:57.200000Z, , , , , ,,
107, , ,CIDAS, ,das40, ,59.3598489765,-152.114442925,-61.9195460224, ,25,2023-12-25T17:06:57.200000Z, , , , , ,,
108, , ,CIDAS, ,das40, ,59.3598489765,-152.114442925,-61.9195460224, ,25,2023-12-25T16:18:57.200000Z, , , , , ,,
109, , ,CIDAS, ,das40, ,59.3598489765,-152.114442925,-61.9195460224, ,25,2023-12-25T15:54:57.200000Z, , , , , ,,
110, , ,CIDAS, ,das40, ,59.3598489765,-152.114442925,-61.9195460224, ,25,2023-12-25T13:43:57.200000Z, , , , , ,,
111, , ,CIDAS, ,das40, ,59.3598489765,-152.114442925,-61.9195460224, ,25,2023-12-25T12:39:57.200000Z, , , , , ,,
112, , ,CIDAS, ,das40, ,59.3598489765,-152.114442925,-61.9195460224, ,25,2023-12-25T12:13:57.200000Z, , , , , ,,
113, , ,CIDAS, ,das40, ,59.3598489765,-152.114442925,-61.9195460224, ,25,2023-12-25T11:47:57.200000Z, , , , , ,,
114, , ,CIDAS, ,das40, ,59.3598489765,-152.114442925,-61.9195460224, ,25,2023-12-25T09:37:57.200000Z, , , , , ,,
115, , ,CIDAS, ,das40, ,59.3598489765,-152.114442925,-61.9195460224, ,25,2023-12-25T09:09:57.200000Z, , , , , ,,
116, , ,CIDAS, ,das40, ,59.3598489765,-152.114442925,-61.9195460224, ,25,2023-12-25T09:07:57.200000Z, , , , , ,,
117, , ,CIDAS, ,das40, ,59.3598489765,-152.114442925,-61.9195460224, ,25,2023-12-25T08:36:57.200000Z, , , , , ,,
118, , ,CIDAS, ,das40, ,59.3598489765,-152.114442925,-61.9195460224, ,25,2023-12-25T07:22:57.200000Z, , , , , ,,
119, , ,CIDAS, ,das40, ,59.3598489765,-152.114442925,-61.9195460224, ,25,2023-12-25T06:05:57.200000Z, , , , , ,,
120, , ,CIDAS, ,das40, ,59.3598489765,-152.114442925,-61.9195460224, ,25,2023-12-25T00:02:57.200000Z, , , , , ,,
121, , ,CIDAS, ,das40, ,59.3598489765,-152.114442925,-61.9195460224, ,25,2023-12-24T22:05:57.200000Z, , , , , ,,
122, , ,CIDAS, ,das40, ,59.3598489765,-152.114442925,-61.9195460224, ,25,2023-12-24T21:17:57.200000Z, , , , , ,,
123, , ,CIDAS, ,das40, ,59.3598489765,-152.114442925,-61.9195460224, ,25,2023-12-24T20:06:57.200000Z, , , , , ,,
124, , ,CIDAS, ,das40, ,59.3598489765,-152.114442925,-61.9195460224, ,25,2023-12-24T17:58:57.200000Z, , , , , ,,
125, , ,CIDAS, ,das40, ,59.3598489765,-152.114442925,-61.9195460224, ,25,2023-12-24T17:25:57.200000Z, , , , , ,,
126, , ,CIDAS, ,das40, ,59.3598489765,-152.114442925,-61.9195460224, ,25,2023-12-24T16:45:57.200000Z, , , , , ,,
127, , ,CIDAS, ,das40, ,59.3598489765,-152.114442925,-61.9195460224, ,25,2023-12-24T15:35:57.200000Z, , , , , ,,
128, , ,CIDAS, ,das40, ,59.3598489765,-152.114442925,-61.9195460224, ,25,2023-12-24T14:39:57.200000Z, , , , , ,,
129, , ,CIDAS, ,das40, ,59.3598489765,-152.114442925,-61.9195460224, ,25,2023-12-24T12:42:57.200000Z, , , , , ,,
130, , ,CIDAS, ,das40, ,59.3598489765,-152.114442925,-61.9195460224, ,25,2023-12-24T10:59:57.200000Z, , , , , ,,
131, , ,CIDAS, ,das40, ,59.3598489765,-152.114442925,-61.9195460224, ,25,2023-12-24T10:34:57.200000Z, , , , , ,,
132, , ,CIDAS, ,das40, ,59.3598489765,-152.114442925,-61.9195460224, ,25,2023-12-24T09:00:57.200000Z, , , , , ,,
133, , ,CIDAS, ,das40, ,59.3598489765,-152.114442925,-61.9195460224, ,25,2023-12-24T08:39:57.200000Z, , , , , ,,
134, , ,CIDAS, ,das40, ,59.3598489765,-152.114442925,-61.9195460224, ,25,2023-12-24T08:19:57.200000Z, , , , , ,,
135, , ,CIDAS, ,das40, ,59.3598489765,-152.114442925,-61.9195460224, ,25,2023-12-24T05:01:57.200000Z, , , , , ,2023-12-24T05:02:10.100000Z,
136, , ,CIDAS, ,das40, ,59.3598489765,-152.114442925,-61.9195460224, ,25,2023-12-24T02:42:57.200000Z, , , , , ,,
137, , ,CIDAS, ,das40, ,59.3598489765,-152.114442925,-61.9195460224, ,25,2023-12-24T00:28:57.200000Z, , , , , ,,
138, , ,CIDAS, ,das40, ,59.3598489765,-152.114442925,-61.9195460224, ,25,2023-12-24T00:01:57.200000Z, , , , , ,,
139, , ,CIDAS, ,das40, ,59.3598489765,-152.114442925,-61.9195460224, ,25,2023-12-23T22:40:57.200000Z, , , , , ,,
140, , ,CIDAS, ,das40, ,59.3598489765,-152.114442925,-61.9195460224, ,25,2023-12-23T17:44:57.200000Z, , , , , ,,
141, , ,CIDAS, ,das40, ,59.3598489765,-152.114442925,-61.9195460224, ,25,2023-12-23T14:05:57.200000Z, , , , , ,,
142, , ,CIDAS, ,das40, ,59.3598489765,-152.114442925,-61.9195460224, ,25,2023-12-23T13:09:57.200000Z, , , , , ,,
143, , ,CIDAS, ,das40, ,59.3598489765,-152.114442925,-61.9195460224, ,25,2023-12-23T11:13:57.200000Z, , , , , ,,
144, , ,CIDAS, ,das40, ,59.3598489765,-152.114442925,-61.9195460224, ,25,2023-12-23T08:28:57.200000Z, , , , , ,,
145, , ,CIDAS, ,das40, ,59.3598489765,-152.114442925,-61.9195460224, ,25,2023-12-23T05:25:57.200000Z, , , , , ,2023-12-23T05:26:50.130000Z,2023-12-23T05:26:31.880000Z
146, , ,CIDAS, ,das40, ,59.3598489765,-152.114442925,-61.9195460224, ,25,2023-12-23T03:29:57.200000Z, , , , , ,,
147, , ,CIDAS, ,das40, ,59.3598489765,-152.114442925,-61.9195460224, ,25,2023-12-23T03:19:57.200000Z, , , , , ,,
148, , ,CIDAS, ,das40, ,59.3598489765,-152.114442925,-61.9195460224, ,25,2023-12-23T02:30:57.200000Z, , , , , ,,
149, , ,CIDAS, ,das40, ,59.3598489765,-152.114442925,-61.9195460224, ,25,2023-12-23T01:50:57.200000Z, , , , , ,,
150, , ,CIDAS, ,das40, ,59.3598489765,-152.114442925,-61.9195460224, ,25,2023-12-23T01:35:57.200000Z, , , , , ,,
151, , ,CIDAS, ,das40, ,59.3598489765,-152.114442925,-61.9195460224, ,25,2023-12-23T00:34:57.200000Z, , , , , ,,
152, , ,CIDAS, ,das40, ,59.3598489765,-152.114442925,-61.9195460224, ,25,2023-12-22T22:41:57.200000Z, , , , , ,,
153, , ,CIDAS, ,das40, ,59.3598489765,-152.114442925,-61.9195460224, ,25,2023-12-22T18:28:57.200000Z, , , , , ,,
154, , ,CIDAS, ,das40, ,59.3598489765,-152.114442925,-61.9195460224, ,25,2023-12-22T16:54:57.200000Z, , , , , ,,
155, , ,CIDAS, ,das40, ,59.3598489765,-152.114442925,-61.9195460224, ,25,2023-12-22T15:11:57.200000Z, , , , , ,,
156, , ,CIDAS, ,das40, ,59.3598489765,-152.114442925,-61.9195460224, ,25,2023-12-22T10:22:57.200000Z, , , , , ,,
157, , ,CIDAS, ,das40, ,59.3598489765,-152.114442925,-61.9195460224, ,25,2023-12-22T09:40:57.200000Z, , , , , ,,
158, , ,CIDAS, ,das40, ,59.3598489765,-152.114442925,-61.9195460224, ,25,2023-12-22T09:00:57.200000Z, , , , , ,,
159, , ,CIDAS, ,das40, ,59.3598489765,-152.114442925,-61.9195460224, ,25,2023-12-22T06:28:57.200000Z, , , , , ,2023-12-22T06:29:29.940002Z,
160, , ,CIDAS, ,das40, ,59.3598489765,-152.114442925,-61.9195460224, ,25,2023-12-22T03:43:57.200000Z, , , , , ,,
161, , ,CIDAS, ,das40, ,59.3598489765,-152.114442925,-61.9195460224, ,25,2023-12-22T03:30:57.200000Z, , , , , ,,
162, , ,CIDAS, ,das40, ,59.3598489765,-152.114442925,-61.9195460224, ,25,2023-12-22T03:13:57.200000Z, , , , , ,,
163, , ,CIDAS, ,das40, ,59.3598489765,-152.114442925,-61.9195460224, ,25,2023-12-22T03:06:57.200000Z, , , , , ,,
164, , ,CIDAS, ,das40, ,59.3598489765,-152.114442925,-61.9195460224, ,25,2023-12-22T01:53:57.200000Z, , , , , ,,
165, , ,CIDAS, ,das40, ,59.3598489765,-152.114442925,-61.9195460224, ,25,2023-12-22T01:48:57.200000Z, , , , , ,,
166, , ,CIDAS, ,das40, ,59.3598489765,-152.114442925,-61.9195460224, ,25,2023-12-21T23:51:57.200000Z, , , , , ,,
167, , ,CIDAS, ,das40, ,59.3598489765,-152.114442925,-61.9195460224, ,25,2023-12-21T22:13:57.200000Z, , , , , ,,2023-12-21T22:14:39.139999Z
168, , ,CIDAS, ,das40, ,59.3598489765,-152.114442925,-61.9195460224, ,25,2023-12-21T19:46:57.200000Z, , , , , ,,
169, , ,CIDAS, ,das40, ,59.3598489765,-152.114442925,-61.9195460224, ,25,2023-12-21T17:40:57.200000Z, , , , , ,,
170, , ,CIDAS, ,das40, ,59.3598489765,-152.114442925,-61.9195460224, ,25,2023-12-21T17:21:57.200000Z, , , , , ,,
171, , ,CIDAS, ,das40, ,59.3598489765,-152.114442925,-61.9195460224, ,25,2023-12-21T16:14:57.200000Z, , , , , ,,
172, , ,CIDAS, ,das40, ,59.3598489765,-152.114442925,-61.9195460224, ,25,2023-12-21T13:05:57.200000Z, , , , , ,,
173, , ,CIDAS, ,das40, ,59.3598489765,-152.114442925,-61.9195460224, ,25,2023-12-21T12:08:57.200000Z, , , , , ,,
174, , ,CIDAS, ,das40, ,59.3598489765,-152.114442925,-61.9195460224, ,25,2023-12-21T09:48:57.200000Z, , , , , ,,
175, , ,CIDAS, ,das40, ,59.3598489765,-152.114442925,-61.9195460224, ,25,2023-12-21T07:56:57.200000Z, , , , , ,,
176, , ,CIDAS, ,das40, ,59.3598489765,-152.114442925,-61.9195460224, ,25,2023-12-21T07:35:57.200000Z, , , , , ,,
177, , ,CIDAS, ,das40, ,59.3598489765,-152.114442925,-61.9195460224, ,25,2023-12-21T06:22:57.200000Z, , , , , ,,
178, , ,CIDAS, ,das40, ,59.3598489765,-152.114442925,-61.9195460224, ,25,2023-12-21T04:50:57.200000Z, , , , , ,,
179, , ,CIDAS, ,das40, ,59.3598489765,-152.114442925,-61.9195460224, ,25,2023-12-21T03:42:57.200000Z, , , , , ,,
180, , ,CIDAS, ,das40, ,59.3598489765,-152.114442925,-61.9195460224, ,25,2023-12-21T02:15:57.200000Z, , , , , ,,
181, , ,CIDAS, ,das40, ,59.3598489765,-152.114442925,-61.9195460224, ,25,2023-12-21T01:27:57.200000Z, , , , , ,,
182, , ,CIDAS, ,das40, ,59.3598489765,-152.114442925,-61.9195460224, ,25,2023-12-20T22:30:57.200000Z, , , , , ,,
183, , ,CIDAS, ,das40, ,59.3598489765,-152.114442925,-61.9195460224, ,25,2023-12-20T20:49:57.200000Z, , , , , ,,
184, , ,CIDAS, ,das40, ,59.3598489765,-152.114442925,-61.9195460224, ,25,2023-12-20T19:30:57.200000Z, , , , , ,,
185, , ,CIDAS, ,das40, ,59.3598489765,-152.114442925,-61.9195460224, ,25,2023-12-20T18:52:57.200000Z, , , , , ,,
186, , ,CIDAS, ,das40, ,59.3598489765,-152.114442925,-61.9195460224, ,25,2023-12-20T18:44:57.200000Z, , , , , ,,
187, , ,CIDAS, ,das40, ,59.3598489765,-152.114442925,-61.9195460224, ,25,2023-12-20T17:32:57.200000Z, , , , , ,2023-12-20T17:33:28.020000Z,
188, , ,CIDAS, ,das40, ,59.3598489765,-152.114442925,-61.9195460224, ,25,2023-12-20T16:08:57.200000Z, , , , , ,,
189, , ,CIDAS, ,das40, ,59.3598489765,-152.114442925,-61.9195460224, ,25,2023-12-20T14:02:57.200000Z, , , , , ,,
190, , ,CIDAS, ,das40, ,59.3598489765,-152.114442925,-61.9195460224, ,25,2023-12-20T13:16:57.200000Z, , , , , ,,
191, , ,CIDAS, ,das40, ,59.3598489765,-152.114442925,-61.9195460224, ,25,2023-12-20T12:15:57.200000Z, , , , , ,,
192, , ,CIDAS, ,das40, ,59.3598489765,-152.114442925,-61.9195460224, ,25,2023-12-20T10:58:57.200000Z, , , , , ,,
193, , ,CIDAS, ,das40, ,59.3598489765,-152.114442925,-61.9195460224, ,25,2023-12-20T10:31:57.200000Z, , , , , ,,
194, , ,CIDAS, ,das40, ,59.3598489765,-152.114442925,-61.9195460224, ,25,2023-12-20T10:20:57.200000Z, , , , , ,,
195, , ,CIDAS, ,das40, ,59.3598489765,-152.114442925,-61.9195460224, ,25,2023-12-20T09:21:57.200000Z, , , , , ,,
196, , ,CIDAS, ,das40, ,59.3598489765,-152.114442925,-61.9195460224, ,25,2023-12-20T06:56:57.200000Z, , , , , ,,
197, , ,CIDAS, ,das40, ,59.3598489765,-152.114442925,-61.9195460224, ,25,2023-12-20T06:20:57.200000Z, , , , , ,,
198, , ,CIDAS, ,das40, ,59.3598489765,-152.114442925,-61.9195460224, ,25,2023-12-20T04:59:57.200000Z, , , , , ,,
199, , ,CIDAS, ,das40, ,59.3598489765,-152.114442925,-61.9195460224, ,25,2023-12-20T03:52:57.200000Z, , , , , ,,
200, , ,CIDAS, ,das40, ,59.3598489765,-152.114442925,-61.9195460224, ,25,2023-12-20T03:07:57.200000Z, , , , , ,,
201, , ,CIDAS, ,das40, ,59.3598489765,-152.114442925,-61.9195460224, ,25,2023-12-20T02:09:57.200000Z, , , , , ,,
202, , ,CIDAS, ,das40, ,59.3598489765,-152.114442925,-61.9195460224, ,25,2023-12-20T01:51:57.200000Z, , , , , ,,
203, , ,CIDAS, ,das40, ,59.3598489765,-152.114442925,-61.9195460224, ,25,2023-12-20T00:49:57.200000Z, , , , , ,,
204, , ,CIDAS, ,das40, ,59.3598489765,-152.114442925,-61.9195460224, ,25,2023-12-19T23:02:57.200000Z, , , , , ,,
205, , ,CIDAS, ,das40, ,59.3598489765,-152.114442925,-61.9195460224, ,25,2023-12-19T21:33:57.200000Z, , , , , ,,
206, , ,CIDAS, ,das40, ,59.3598489765,-152.114442925,-61.9195460224, ,25,2023-12-19T20:12:57.200000Z, , , , , ,,
207, , ,CIDAS, ,das40, ,59.3598489765,-152.114442925,-61.9195460224, ,25,2023-12-19T20:10:57.200000Z, , , , , ,,
208, , ,CIDAS, ,das40, ,59.3598489765,-152.114442925,-61.9195460224, ,25,2023-12-19T19:48:57.200000Z, , , , , ,,
209, , ,CIDAS, ,das40, ,59.3598489765,-152.114442925,-61.9195460224, ,25,2023-12-19T12:38:57.200000Z, , , , , ,,
210, , ,CIDAS, ,das40, ,59.3598489765,-152.114442925,-61.9195460224, ,25,2023-12-19T12:08:57.200000Z, , , , , ,,
211, , ,CIDAS, ,das40, ,59.3598489765,-152.114442925,-61.9195460224, ,25,2023-12-19T11:32:57.200000Z, , , , , ,,
212, , ,CIDAS, ,das40, ,59.3598489765,-152.114442925,-61.9195460224, ,25,2023-12-19T10:51:57.200000Z, , , , , ,,
213, , ,CIDAS, ,das40, ,59.3598489765,-152.114442925,-61.9195460224, ,25,2023-12-19T10:00:57.200000Z, , , , , ,2023-12-19T10:01:22.270000Z,
214, , ,CIDAS, ,das40, ,59.3598489765,-152.114442925,-61.9195460224, ,25,2023-12-19T09:29:57.200000Z, , , , , ,,
215, , ,CIDAS, ,das40, ,59.3598489765,-152.114442925,-61.9195460224, ,25,2023-12-19T09:05:57.200000Z, , , , , ,2023-12-19T09:06:44.729999Z,
216, , ,CIDAS, ,das40, ,59.3598489765,-152.114442925,-61.9195460224, ,25,2023-12-19T07:57:57.200000Z, , , , , ,,
217, , ,CIDAS, ,das40, ,59.3598489765,-152.114442925,-61.9195460224, ,25,2023-12-19T06:54:57.200000Z, , , , , ,,
218, , ,CIDAS, ,das40, ,59.3598489765,-152.114442925,-61.9195460224, ,25,2023-12-19T02:11:57.200000Z, , , , , ,,
219, , ,CIDAS, ,das40, ,59.3598489765,-152.114442925,-61.9195460224, ,25,2023-12-19T01:40:57.200000Z, , , , , ,,
220, , ,CIDAS, ,das40, ,59.3598489765,-152.114442925,-61.9195460224, ,25,2023-12-19T01:12:57.200000Z, , , , , ,,
221, , ,CIDAS, ,das40, ,59.3598489765,-152.114442925,-61.9195460224, ,25,2023-12-19T00:39:57.200000Z, , , , , ,2023-12-19T00:40:21.009999Z,
222, , ,CIDAS, ,das40, ,59.3598489765,-152.114442925,-61.9195460224, ,25,2023-12-18T21:54:57.200000Z, , , , , ,,
223, , ,CIDAS, ,das40, ,59.3598489765,-152.114442925,-61.9195460224, ,25,2023-12-18T21:50:57.200000Z, , , , , ,,
224, , ,CIDAS, ,das40, ,59.3598489765,-152.114442925,-61.9195460224, ,25,2023-12-18T21:46:57.200000Z, , , , , ,,
225, , ,CIDAS, ,das40, ,59.3598489765,-152.114442925,-61.9195460224, ,25,2023-12-18T20:29:57.200000Z, , , , , ,,
226, , ,CIDAS, ,das40, ,59.3598489765,-152.114442925,-61.9195460224, ,25,2023-12-18T19:50:57.200000Z, , , , , ,,
227, , ,CIDAS, ,das40, ,59.3598489765,-152.114442925,-61.9195460224, ,25,2023-12-18T19:32:57.200000Z, , , , , ,,
228, , ,CIDAS, ,das40, ,59.3598489765,-152.114442925,-61.9195460224, ,25,2023-12-18T19:01:57.200000Z, , , , , ,,
229, , ,CIDAS, ,das40, ,59.3598489765,-152.114442925,-61.9195460224, ,25,2023-12-18T18:44:57.200000Z, , , , , ,,
230, , ,CIDAS, ,das40, ,59.3598489765,-152.114442925,-61.9195460224, ,25,2023-12-18T17:24:57.200000Z, , , , , ,,
231, , ,CIDAS, ,das40, ,59.3598489765,-152.114442925,-61.9195460224, ,25,2023-12-18T13:28:57.200000Z, , , , , ,,
232, , ,CIDAS, ,das40, ,59.3598489765,-152.114442925,-61.9195460224, ,25,2023-12-18T11:26:57.200000Z, , , , , ,,
233, , ,CIDAS, ,das40, ,59.3598489765,-152.114442925,-61.9195460224, ,25,2023-12-18T10:32:57.200000Z, , , , , ,,
234, , ,CIDAS, ,das40, ,59.3598489765,-152.114442925,-61.9195460224, ,25,2023-12-18T09:24:57.200000Z, , , , , ,,
235, , ,CIDAS, ,das40, ,59.3598489765,-152.114442925,-61.9195460224, ,25,2023-12-18T06:36:57.200000Z, , , , , ,,
236, , ,CIDAS, ,das40, ,59.3598489765,-152.114442925,-61.9195460224, ,25,2023-12-18T02:18:57.200000Z, , , , , ,,
237, , ,CIDAS, ,das40, ,59.3598489765,-152.114442925,-61.9195460224, ,25,2023-12-18T01:13:57.200000Z, , , , , ,,
238, , ,CIDAS, ,das40, ,59.3598489765,-152.114442925,-61.9195460224, ,25,2023-12-17T19:06:57.200000Z, , , , , ,,
239, , ,CIDAS, ,das40, ,59.3598489765,-152.114442925,-61.9195460224, ,25,2023-12-17T16:41:57.200000Z, , , , , ,,
240, , ,CIDAS, ,das40, ,59.3598489765,-152.114442925,-61.9195460224, ,25,2023-12-17T16:26:57.200000Z, , , , , ,,
241, , ,CIDAS, ,das40, ,59.3598489765,-152.114442925,-61.9195460224, ,25,2023-12-17T14:28:57.200000Z, , , , , ,,
242, , ,CIDAS, ,das40, ,59.3598489765,-152.114442925,-61.9195460224, ,25,2023-12-17T11:39:57.200000Z, , , , , ,,
243, , ,CIDAS, ,das40, ,59.3598489765,-152.114442925,-61.9195460224, ,25,2023-12-17T10:26:57.200000Z, , , , , ,,
244, , ,CIDAS, ,das40, ,59.3598489765,-152.114442925,-61.9195460224, ,25,2023-12-17T09:43:57.200000Z, , , , , ,,
245, , ,CIDAS, ,das40, ,59.3598489765,-152.114442925,-61.9195460224, ,25,2023-12-17T09:04:57.200000Z, , , , , ,,
246, , ,CIDAS, ,das40, ,59.3598489765,-152.114442925,-61.9195460224, ,25,2023-12-17T08:07:57.200000Z, , , , , ,,
247, , ,CIDAS, ,das40, ,59.3598489765,-152.114442925,-61.9195460224, ,25,2023-12-17T07:37:57.200000Z, , , , , ,2023-12-17T07:38:20.509999Z,
248, , ,CIDAS, ,das40, ,59.3598489765,-152.114442925,-61.9195460224, ,25,2023-12-17T06:01:57.200000Z, , , , , ,,
249, , ,CIDAS, ,das40, ,59.3598489765,-152.114442925,-61.9195460224, ,25,2023-12-17T03:53:57.200000Z, , , , , ,,
250, , ,CIDAS, ,das40, ,59.3598489765,-152.114442925,-61.9195460224, ,25,2023-12-16T20:51:57.200000Z, , , , , ,,
251, , ,CIDAS, ,das40, ,59.3598489765,-152.114442925,-61.9195460224, ,25,2023-12-16T19:24:57.200000Z, , , , , ,2023-12-16T19:25:31.780002Z,2023-12-16T19:25:09.160000Z
252, , ,CIDAS, ,das40, ,59.3598489765,-152.114442925,-61.9195460224, ,25,2023-12-16T19:12:57.200000Z, , , , , ,,
253, , ,CIDAS, ,das40, ,59.3598489765,-152.114442925,-61.9195460224, ,25,2023-12-16T18:36:57.200000Z, , , , , ,,
254, , ,CIDAS, ,das40, ,59.3598489765,-152.114442925,-61.9195460224, ,25,2023-12-16T18:27:57.200000Z, , , , , ,,2023-12-16T18:28:45.260001Z
255, , ,CIDAS, ,das40, ,59.3598489765,-152.114442925,-61.9195460224, ,25,2023-12-16T15:10:57.200000Z, , , , , ,,
256, , ,CIDAS, ,das40, ,59.3598489765,-152.114442925,-61.9195460224, ,25,2023-12-16T12:58:57.200000Z, , , , , ,,
257, , ,CIDAS, ,das40, ,59.3598489765,-152.114442925,-61.9195460224, ,25,2023-12-16T12:42:57.200000Z, , , , , ,,
258, , ,CIDAS, ,das40, ,59.3598489765,-152.114442925,-61.9195460224, ,25,2023-12-16T10:03:57.200000Z, , , , , ,,
259, , ,CIDAS, ,das40, ,59.3598489765,-152.114442925,-61.9195460224, ,25,2023-12-16T08:08:57.200000Z, , , , , ,,
260, , ,CIDAS, ,das40, ,59.3598489765,-152.114442925,-61.9195460224, ,25,2023-12-16T07:14:57.200000Z, , , , , ,,
261, , ,CIDAS, ,das40, ,59.3598489765,-152.114442925,-61.9195460224, ,25,2023-12-16T07:04:57.200000Z, , , , , ,,
262, , ,CIDAS, ,das40, ,59.3598489765,-152.114442925,-61.9195460224, ,25,2023-12-16T06:21:57.200000Z, , , , , ,,
263, , ,CIDAS, ,das40, ,59.3598489765,-152.114442925,-61.9195460224, ,25,2023-12-16T06:13:57.200000Z, , , , , ,,
264, , ,CIDAS, ,das40, ,59.3598489765,-152.114442925,-61.9195460224, ,25,2023-12-16T04:28:57.200000Z, , , , , ,,
265, , ,CIDAS, ,das40, ,59.3598489765,-152.114442925,-61.9195460224, ,25,2023-12-16T04:12:57.200000Z, , , , , ,,
266, , ,CIDAS, ,das40, ,59.3598489765,-152.114442925,-61.9195460224, ,25,2023-12-16T02:25:57.200000Z, , , , , ,,
267, , ,CIDAS, ,das40, ,59.3598489765,-152.114442925,-61.9195460224, ,25,2023-12-16T02:09:57.200000Z, , , , , ,,
268, , ,CIDAS, ,das40, ,59.3598489765,-152.114442925,-61.9195460224, ,25,2023-12-16T02:06:57.200000Z, , , , , ,,
269, , ,CIDAS, ,das40, ,59.3598489765,-152.114442925,-61.9195460224, ,25,2023-12-16T01:05:57.200000Z, , , , , ,,
270, , ,CIDAS, ,das40, ,59.3598489765,-152.114442925,-61.9195460224, ,25,2023-12-16T00:44:57.200000Z, , , , , ,,
271, , ,CIDAS, ,das40, ,59.3598489765,-152.114442925,-61.9195460224, ,25,2023-12-15T19:35:57.200000Z, , , , , ,,
272, , ,CIDAS, ,das40, ,59.3598489765,-152.114442925,-61.9195460224, ,25,2023-12-15T19:21:57.200000Z, , , , , ,,
273, , ,CIDAS, ,das40, ,59.3598489765,-152.114442925,-61.9195460224, ,25,2023-12-15T17:49:57.200000Z, , , , , ,,
274, , ,CIDAS, ,das40, ,59.3598489765,-152.114442925,-61.9195460224, ,25,2023-12-15T16:54:57.200000Z, , , , , ,,
275, , ,CIDAS, ,das40, ,59.3598489765,-152.114442925,-61.9195460224, ,25,2023-12-15T16:23:57.200000Z, , , , , ,,
276, , ,CIDAS, ,das40, ,59.3598489765,-152.114442925,-61.9195460224, ,25,2023-12-15T15:52:57.200000Z, , , , , ,,
277, , ,CIDAS, ,das40, ,59.3598489765,-152.114442925,-61.9195460224, ,25,2023-12-15T13:39:57.200000Z, , , , , ,,
278, , ,CIDAS, ,das40, ,59.3598489765,-152.114442925,-61.9195460224, ,25,2023-12-15T10:40:57.200000Z, , , , , ,,
279, , ,CIDAS, ,das40, ,59.3598489765,-152.114442925,-61.9195460224, ,25,2023-12-15T10:14:57.200000Z, , , , , ,,
280, , ,CIDAS, ,das40, ,59.3598489765,-152.114442925,-61.9195460224, ,25,2023-12-15T09:53:57.200000Z, , , , , ,2023-12-15T09:54:34.569999Z,2023-12-15T09:54:11.860000Z
281, , ,CIDAS, ,das40, ,59.3598489765,-152.114442925,-61.9195460224, ,25,2023-12-15T05:38:57.200000Z, , , , , ,,
282, , ,CIDAS, ,das40, ,59.3598489765,-152.114442925,-61.9195460224, ,25,2023-12-15T03:51:57.200000Z, , , , , ,,
283, , ,CIDAS, ,das40, ,59.3598489765,-152.114442925,-61.9195460224, ,25,2023-12-15T03:07:57.200000Z, , , , , ,,
284, , ,CIDAS, ,das40, ,59.3598489765,-152.114442925,-61.9195460224, ,25,2023-12-15T01:57:57.200000Z, , , , , ,,
285, , ,CIDAS, ,das40, ,59.3598489765,-152.114442925,-61.9195460224, ,25,2023-12-15T01:35:57.200000Z, , , , , ,,
286, , ,CIDAS, ,das40, ,59.3598489765,-152.114442925,-61.9195460224, ,25,2023-12-15T00:27:57.200000Z, , , , , ,,
287, , ,CIDAS, ,das40, ,59.3598489765,-152.114442925,-61.9195460224, ,25,2023-12-14T22:05:57.200000Z, , , , , ,,
288, , ,CIDAS, ,das40, ,59.3598489765,-152.114442925,-61.9195460224, ,25,2023-12-14T16:20:57.200000Z, , , , , ,,
289, , ,CIDAS, ,das40, ,59.3598489765,-152.114442925,-61.9195460224, ,25,2023-12-14T14:57:57.200000Z, , , , , ,,
290, , ,CIDAS, ,das40, ,59.3598489765,-152.114442925,-61.9195460224, ,25,2023-12-14T14:04:57.200000Z, , , , , ,,
291, , ,CIDAS, ,das40, ,59.3598489765,-152.114442925,-61.9195460224, ,25,2023-12-14T13:41:57.200000Z, , , , , ,2023-12-14T13:42:32.900001Z,2023-12-14T13:42:24.280000Z
292, , ,CIDAS, ,das40, ,59.3598489765,-152.114442925,-61.9195460224, ,25,2023-12-14T13:08:57.200000Z, , , , , ,,
293, , ,CIDAS, ,das40, ,59.3598489765,-152.114442925,-61.9195460224, ,25,2023-12-14T11:17:57.200000Z, , , , , ,,
294, , ,CIDAS, ,das40, ,59.3598489765,-152.114442925,-61.9195460224, ,25,2023-12-14T09:35:57.200000Z, , , , , ,,
295, , ,CIDAS, ,das40, ,59.3598489765,-152.114442925,-61.9195460224, ,25,2023-12-14T07:57:57.200000Z, , , , , ,,
296, , ,CIDAS, ,das40, ,59.3598489765,-152.114442925,-61.9195460224, ,25,2023-12-14T06:49:57.200000Z, , , , , ,,
297, , ,CIDAS, ,das40, ,59.3598489765,-152.114442925,-61.9195460224, ,25,2023-12-14T04:20:57.200000Z, , , , , ,,
298, , ,CIDAS, ,das40, ,59.3598489765,-152.114442925,-61.9195460224, ,25,2023-12-14T04:00:57.200000Z, , , , , ,,
299, , ,CIDAS, ,das40, ,59.3598489765,-152.114442925,-61.9195460224, ,25,2023-12-14T03:27:57.200000Z, , , , , ,,
300, , ,CIDAS, ,das40, ,59.3598489765,-152.114442925,-61.9195460224, ,25,2023-12-14T01:35:57.200000Z, , , , , ,,
301, , ,CIDAS, ,das40, ,59.3598489765,-152.114442925,-61.9195460224, ,25,2023-12-14T00:48:57.200000Z, , , , , ,,
302, , ,CIDAS, ,das40, ,59.3598489765,-152.114442925,-61.9195460224, ,25,2023-12-13T23:34:57.200000Z, , , , , ,,
303, , ,CIDAS, ,das40, ,59.3598489765,-152.114442925,-61.9195460224, ,25,2023-12-13T23:11:57.200000Z, , , , , ,,
304, , ,CIDAS, ,das40, ,59.3598489765,-152.114442925,-61.9195460224, ,25,2023-12-13T20:00:57.200000Z, , , , , ,,
305, , ,CIDAS, ,das40, ,59.3598489765,-152.114442925,-61.9195460224, ,25,2023-12-13T19:00:57.200000Z, , , , , ,,
306, , ,CIDAS, ,das40, ,59.3598489765,-152.114442925,-61.9195460224, ,25,2023-12-13T18:55:57.200000Z, , , , , ,,
307, , ,CIDAS, ,das40, ,59.3598489765,-152.114442925,-61.9195460224, ,25,2023-12-13T18:25:57.200000Z, , , , , ,,
308, , ,CIDAS, ,das40, ,59.3598489765,-152.114442925,-61.9195460224, ,25,2023-12-13T17:37:57.200000Z, , , , , ,2023-12-13T17:38:20.360000Z,2023-12-13T17:38:12.600000Z
309, , ,CIDAS, ,das40, ,59.3598489765,-152.114442925,-61.9195460224, ,25,2023-12-13T17:29:57.200000Z, , , , , ,,
310, , ,CIDAS, ,das40, ,59.3598489765,-152.114442925,-61.9195460224, ,25,2023-12-13T15:53:57.200000Z, , , , , ,,
311, , ,CIDAS, ,das40, ,59.3598489765,-152.114442925,-61.9195460224, ,25,2023-12-13T14:44:57.200000Z, , , , , ,,
312, , ,CIDAS, ,das40, ,59.3598489765,-152.114442925,-61.9195460224, ,25,2023-12-13T13:15:57.200000Z, , , , , ,,
313, , ,CIDAS, ,das40, ,59.3598489765,-152.114442925,-61.9195460224, ,25,2023-12-13T12:59:57.200000Z, , , , , ,,
314, , ,CIDAS, ,das40, ,59.3598489765,-152.114442925,-61.9195460224, ,25,2023-12-13T12:07:57.200000Z, , , , , ,,
315, , ,CIDAS, ,das40, ,59.3598489765,-152.114442925,-61.9195460224, ,25,2023-12-13T07:36:57.200000Z, , , , , ,,
316, , ,CIDAS, ,das40, ,59.3598489765,-152.114442925,-61.9195460224, ,25,2023-12-13T07:23:57.200000Z, , , , , ,,
317, , ,CIDAS, ,das40, ,59.3598489765,-152.114442925,-61.9195460224, ,25,2023-12-13T06:05:57.200000Z, , , , , ,,
318, , ,CIDAS, ,das40, ,59.3598489765,-152.114442925,-61.9195460224, ,25,2023-12-13T02:12:57.200000Z, , , , , ,,
319, , ,CIDAS, ,das40, ,59.3598489765,-152.114442925,-61.9195460224, ,25,2023-12-13T01:48:57.200000Z, , , , , ,,
320, , ,CIDAS, ,das40, ,59.3598489765,-152.114442925,-61.9195460224, ,25,2023-12-13T00:44:57.200000Z, , , , , ,,
321, , ,CIDAS, ,das40, ,59.3598489765,-152.114442925,-61.9195460224, ,25,2023-12-12T22:12:57.200000Z, , , , , ,,
322, , ,CIDAS, ,das40, ,59.3598489765,-152.114442925,-61.9195460224, ,25,2023-12-12T21:35:57.200000Z, , , , , ,,
323, , ,CIDAS, ,das40, ,59.3598489765,-152.114442925,-61.9195460224, ,25,2023-12-12T21:15:57.200000Z, , , , , ,,
324, , ,CIDAS, ,das40, ,59.3598489765,-152.114442925,-61.9195460224, ,25,2023-12-12T20:40:57.200000Z, , , , , ,,
325, , ,CIDAS, ,das40, ,59.3598489765,-152.114442925,-61.9195460224, ,25,2023-12-12T19:12:57.200000Z, , , , , ,,
326, , ,CIDAS, ,das40, ,59.3598489765,-152.114442925,-61.9195460224, ,25,2023-12-12T18:21:57.200000Z, , , , , ,,
327, , ,CIDAS, ,das40, ,59.3598489765,-152.114442925,-61.9195460224, ,25,2023-12-12T15:44:57.200000Z, , , , , ,,
328, , ,CIDAS, ,das40, ,59.3598489765,-152.114442925,-61.9195460224, ,25,2023-12-12T13:41:57.200000Z, , , , , ,,
329, , ,CIDAS, ,das40, ,59.3598489765,-152.114442925,-61.9195460224, ,25,2023-12-12T12:46:57.200000Z, , , , , ,,
330, , ,CIDAS, ,das40, ,59.3598489765,-152.114442925,-61.9195460224, ,25,2023-12-12T11:03:57.200000Z, , , , , ,,
331, , ,CIDAS, ,das40, ,59.3598489765,-152.114442925,-61.9195460224, ,25,2023-12-12T10:03:57.200000Z, , , , , ,,
332, , ,CIDAS, ,das40, ,59.3598489765,-152.114442925,-61.9195460224, ,25,2023-12-12T09:48:57.200000Z, , , , , ,,
333, , ,CIDAS, ,das40, ,59.3598489765,-152.114442925,-61.9195460224, ,25,2023-12-12T09:08:57.200000Z, , , , , ,,
334, , ,CIDAS, ,das40, ,59.3598489765,-152.114442925,-61.9195460224, ,25,2023-12-12T08:52:57.200000Z, , , , , ,,
335, , ,CIDAS, ,das40, ,59.3598489765,-152.114442925,-61.9195460224, ,25,2023-12-12T08:03:57.200000Z, , , , , ,,
336, , ,CIDAS, ,das40, ,59.3598489765,-152.114442925,-61.9195460224, ,25,2023-12-12T07:07:57.200000Z, , , , , ,,
337, , ,CIDAS, ,das40, ,59.3598489765,-152.114442925,-61.9195460224, ,25,2023-12-12T06:16:57.200000Z, , , , , ,,
338, , ,CIDAS, ,das40, ,59.3598489765,-152.114442925,-61.9195460224, ,25,2023-12-12T06:07:57.200000Z, , , , , ,,
339, , ,CIDAS, ,das40, ,59.3598489765,-152.114442925,-61.9195460224, ,25,2023-12-12T05:41:57.200000Z, , , , , ,,
340, , ,CIDAS, ,das40, ,59.3598489765,-152.114442925,-61.9195460224, ,25,2023-12-12T04:52:57.200000Z, , , , , ,,
341, , ,CIDAS, ,das40, ,59.3598489765,-152.114442925,-61.9195460224, ,25,2023-12-12T03:42:57.200000Z, , , , , ,,
342, , ,CIDAS, ,das40, ,59.3598489765,-152.114442925,-61.9195460224, ,25,2023-12-12T02:31:57.200000Z, , , , , ,,
343, , ,CIDAS, ,das40, ,59.3598489765,-152.114442925,-61.9195460224, ,25,2023-12-12T01:06:57.200000Z, , , , , ,,
344, , ,CIDAS, ,das40, ,59.3598489765,-152.114442925,-61.9195460224, ,25,2023-12-12T00:58:57.200000Z, , , , , ,,
345, , ,CIDAS, ,das40, ,59.3598489765,-152.114442925,-61.9195460224, ,25,2023-12-11T23:42:57.200000Z, , , , , ,,
346, , ,CIDAS, ,das40, ,59.3598489765,-152.114442925,-61.9195460224, ,25,2023-12-11T22:33:57.200000Z, , , , , ,,
347, , ,CIDAS, ,das40, ,59.3598489765,-152.114442925,-61.9195460224, ,25,2023-12-11T22:15:57.200000Z, , , , , ,,
348, , ,CIDAS, ,das40, ,59.3598489765,-152.114442925,-61.9195460224, ,25,2023-12-11T19:42:57.200000Z, , , , , ,,
349, , ,CIDAS, ,das40, ,59.3598489765,-152.114442925,-61.9195460224, ,25,2023-12-11T16:37:57.200000Z, , , , , ,,
350, , ,CIDAS, ,das40, ,59.3598489765,-152.114442925,-61.9195460224, ,25,2023-12-11T15:19:57.200000Z, , , , , ,,
351, , ,CIDAS, ,das40, ,59.3598489765,-152.114442925,-61.9195460224, ,25,2023-12-11T13:46:57.200000Z, , , , , ,,
352, , ,CIDAS, ,das40, ,59.3598489765,-152.114442925,-61.9195460224, ,25,2023-12-11T12:46:57.200000Z, , , , , ,,
353, , ,CIDAS, ,das40, ,59.3598489765,-152.114442925,-61.9195460224, ,25,2023-12-11T10:28:57.200000Z, , , , , ,,
354, , ,CIDAS, ,das40, ,59.3598489765,-152.114442925,-61.9195460224, ,25,2023-12-11T09:24:57.200000Z, , , , , ,,
355, , ,CIDAS, ,das40, ,59.3598489765,-152.114442925,-61.9195460224, ,25,2023-12-11T07:56:57.200000Z, , , , , ,,
356, , ,CIDAS, ,das40, ,59.3598489765,-152.114442925,-61.9195460224, ,25,2023-12-11T07:47:57.200000Z, , , , , ,,
357, , ,CIDAS, ,das40, ,59.3598489765,-152.114442925,-61.9195460224, ,25,2023-12-11T03:04:57.200000Z, , , , , ,,
358, , ,CIDAS, ,das40, ,59.3598489765,-152.114442925,-61.9195460224, ,25,2023-12-10T23:35:57.200000Z, , , , , ,,
359, , ,CIDAS, ,das40, ,59.3598489765,-152.114442925,-61.9195460224, ,25,2023-12-10T17:20:57.200000Z, , , , , ,,
360, , ,CIDAS, ,das40, ,59.3598489765,-152.114442925,-61.9195460224, ,25,2023-12-10T17:03:57.200000Z, , , , , ,,
361, , ,CIDAS, ,das40, ,59.3598489765,-152.114442925,-61.9195460224, ,25,2023-12-10T16:45:57.200000Z, , , , , ,,
362, , ,CIDAS, ,das40, ,59.3598489765,-152.114442925,-61.9195460224, ,25,2023-12-10T16:05:57.200000Z, , , , , ,,
363, , ,CIDAS, ,das40, ,59.3598489765,-152.114442925,-61.9195460224, ,25,2023-12-10T15:47:57.200000Z, , , , , ,,
364, , ,CIDAS, ,das40, ,59.3598489765,-152.114442925,-61.9195460224, ,25,2023-12-10T15:24:57.200000Z, , , , , ,,
365, , ,CIDAS, ,das40, ,59.3598489765,-152.114442925,-61.9195460224, ,25,2023-12-10T15:14:57.200000Z, , , , , ,,
366, , ,CIDAS, ,das40, ,59.3598489765,-152.114442925,-61.9195460224, ,25,2023-12-10T14:35:57.200000Z, , , , , ,,
367, , ,CIDAS, ,das40, ,59.3598489765,-152.114442925,-61.9195460224, ,25,2023-12-10T13:24:57.200000Z, , , , , ,,
368, , ,CIDAS, ,das40, ,59.3598489765,-152.114442925,-61.9195460224, ,25,2023-12-10T13:23:57.200000Z, , , , , ,,
369, , ,CIDAS, ,das40, ,59.3598489765,-152.114442925,-61.9195460224, ,25,2023-12-10T10:18:57.200000Z, , , , , ,,
370, , ,CIDAS, ,das40, ,59.3598489765,-152.114442925,-61.9195460224, ,25,2023-12-10T07:52:57.200000Z, , , , , ,2023-12-10T07:53:47.819999Z,
371, , ,CIDAS, ,das40, ,59.3598489765,-152.114442925,-61.9195460224, ,25,2023-12-10T07:09:57.200000Z, , , , , ,2023-12-10T07:10:11.410000Z,
372, , ,CIDAS, ,das40, ,59.3598489765,-152.114442925,-61.9195460224, ,25,2023-12-10T06:48:57.200000Z, , , , , ,,
373, , ,CIDAS, ,das40, ,59.3598489765,-152.114442925,-61.9195460224, ,25,2023-12-10T06:16:57.200000Z, , , , , ,,
374, , ,CIDAS, ,das40, ,59.3598489765,-152.114442925,-61.9195460224, ,25,2023-12-10T04:24:57.200000Z, , , , , ,,
375, , ,CIDAS, ,das40, ,59.3598489765,-152.114442925,-61.9195460224, ,25,2023-12-10T01:47:57.200000Z, , , , , ,,
376, , ,CIDAS, ,das40, ,59.3598489765,-152.114442925,-61.9195460224, ,25,2023-12-09T22:19:57.200000Z, , , , , ,,
377, , ,CIDAS, ,das40, ,59.3598489765,-152.114442925,-61.9195460224, ,25,2023-12-09T21:57:57.200000Z, , , , , ,,
378, , ,CIDAS, ,das40, ,59.3598489765,-152.114442925,-61.9195460224, ,25,2023-12-09T17:01:57.200000Z, , , , , ,,
379, , ,CIDAS, ,das40, ,59.3598489765,-152.114442925,-61.9195460224, ,25,2023-12-09T16:28:57.200000Z, , , , , ,,
380, , ,CIDAS, ,das40, ,59.3598489765,-152.114442925,-61.9195460224, ,25,2023-12-09T15:56:57.200000Z, , , , , ,,
381, , ,CIDAS, ,das40, ,59.3598489765,-152.114442925,-61.9195460224, ,25,2023-12-09T15:55:57.200000Z, , , , , ,,
382, , ,CIDAS, ,das40, ,59.3598489765,-152.114442925,-61.9195460224, ,25,2023-12-09T14:54:57.200000Z, , , , , ,,
383, , ,CIDAS, ,das40, ,59.3598489765,-152.114442925,-61.9195460224, ,25,2023-12-09T13:30:57.200000Z, , , , , ,,
384, , ,CIDAS, ,das40, ,59.3598489765,-152.114442925,-61.9195460224, ,25,2023-12-09T10:41:57.200000Z, , , , , ,,
385, , ,CIDAS, ,das40, ,59.3598489765,-152.114442925,-61.9195460224, ,25,2023-12-09T08:03:57.200000Z, , , , , ,,
386, , ,CIDAS, ,das40, ,59.3598489765,-152.114442925,-61.9195460224, ,25,2023-12-09T08:01:57.200000Z, , , , , ,,
387, , ,CIDAS, ,das40, ,59.3598489765,-152.114442925,-61.9195460224, ,25,2023-12-09T06:46:57.200000Z, , , , , ,,
388, , ,CIDAS, ,das40, ,59.3598489765,-152.114442925,-61.9195460224, ,25,2023-12-09T06:26:57.200000Z, , , , , ,,
389, , ,CIDAS, ,das40, ,59.3598489765,-152.114442925,-61.9195460224, ,25,2023-12-09T06:16:57.200000Z, , , , , ,,
390, , ,CIDAS, ,das40, ,59.3598489765,-152.114442925,-61.9195460224, ,25,2023-12-09T05:56:57.200000Z, , , , , ,,
391, , ,CIDAS, ,das40, ,59.3598489765,-152.114442925,-61.9195460224, ,25,2023-12-09T05:37:57.200000Z, , , , , ,,
392, , ,CIDAS, ,das40, ,59.3598489765,-152.114442925,-61.9195460224, ,25,2023-12-09T04:52:57.200000Z, , , , , ,,
393, , ,CIDAS, ,das40, ,59.3598489765,-152.114442925,-61.9195460224, ,25,2023-12-09T04:51:57.200000Z, , , , , ,,
394, , ,CIDAS, ,das40, ,59.3598489765,-152.114442925,-61.9195460224, ,25,2023-12-09T03:52:57.200000Z, , , , , ,,
395, , ,CIDAS, ,das40, ,59.3598489765,-152.114442925,-61.9195460224, ,25,2023-12-09T03:45:57.200000Z, , , , , ,,
396, , ,CIDAS, ,das40, ,59.3598489765,-152.114442925,-61.9195460224, ,25,2023-12-09T03:11:57.200000Z, , , , , ,,
397, , ,CIDAS, ,das40, ,59.3598489765,-152.114442925,-61.9195460224, ,25,2023-12-09T00:36:57.200000Z, , , , , ,,
398, , ,CIDAS, ,das40, ,59.3598489765,-152.114442925,-61.9195460224, ,25,2023-12-08T23:45:57.200000Z, , , , , ,,
399, , ,CIDAS, ,das40, ,59.3598489765,-152.114442925,-61.9195460224, ,25,2023-12-08T22:56:57.200000Z, , , , , ,,
400, , ,CIDAS, ,das40, ,59.3598489765,-152.114442925,-61.9195460224, ,25,2023-12-08T22:42:57.200000Z, , , , , ,,
401, , ,CIDAS, ,das40, ,59.3598489765,-152.114442925,-61.9195460224, ,25,2023-12-08T22:08:57.200000Z, , , , , ,,
402, , ,CIDAS, ,das40, ,59.3598489765,-152.114442925,-61.9195460224, ,25,2023-12-08T20:49:57.200000Z, , , , , ,,
403, , ,CIDAS, ,das40, ,59.3598489765,-152.114442925,-61.9195460224, ,25,2023-12-08T19:54:57.200000Z, , , , , ,,
404, , ,CIDAS, ,das40, ,59.3598489765,-152.114442925,-61.9195460224, ,25,2023-12-08T18:29:57.200000Z, , , , , ,,
405, , ,CIDAS, ,das40, ,59.3598489765,-152.114442925,-61.9195460224, ,25,2023-12-08T17:30:57.200000Z, , , , , ,,
406, , ,CIDAS, ,das40, ,59.3598489765,-152.114442925,-61.9195460224, ,25,2023-12-08T17:30:57.200000Z, , , , , ,,
407, , ,CIDAS, ,das40, ,59.3598489765,-152.114442925,-61.9195460224, ,25,2023-12-08T13:25:57.200000Z, , , , , ,,
408, , ,CIDAS, ,das40, ,59.3598489765,-152.114442925,-61.9195460224, ,25,2023-12-08T09:32:57.200000Z, , , , , ,,
409, , ,CIDAS, ,das40, ,59.3598489765,-152.114442925,-61.9195460224, ,25,2023-12-08T07:06:57.200000Z, , , , , ,,
410, , ,CIDAS, ,das40, ,59.3598489765,-152.114442925,-61.9195460224, ,25,2023-12-08T06:29:57.200000Z, , , , , ,2023-12-08T06:30:16.030000Z,
411, , ,CIDAS, ,das40, ,59.3598489765,-152.114442925,-61.9195460224, ,25,2023-12-08T05:37:57.200000Z, , , , , ,,
412, , ,CIDAS, ,das40, ,59.3598489765,-152.114442925,-61.9195460224, ,25,2023-12-08T05:32:57.200000Z, , , , , ,,
413, , ,CIDAS, ,das40, ,59.3598489765,-152.114442925,-61.9195460224, ,25,2023-12-08T04:17:57.200000Z, , , , , ,,
414, , ,CIDAS, ,das40, ,59.3598489765,-152.114442925,-61.9195460224, ,25,2023-12-08T04:05:57.200000Z, , , , , ,,
415, , ,CIDAS, ,das40, ,59.3598489765,-152.114442925,-61.9195460224, ,25,2023-12-08T01:18:57.200000Z, , , , , ,,
416, , ,CIDAS, ,das40, ,59.3598489765,-152.114442925,-61.9195460224, ,25,2023-12-07T23:51:57.200000Z, , , , , ,,
417, , ,CIDAS, ,das40, ,59.3598489765,-152.114442925,-61.9195460224, ,25,2023-12-07T23:10:57.200000Z, , , , , ,,
418, , ,CIDAS, ,das40, ,59.3598489765,-152.114442925,-61.9195460224, ,25,2023-12-07T22:47:57.200000Z, , , , , ,,
419, , ,CIDAS, ,das40, ,59.3598489765,-152.114442925,-61.9195460224, ,25,2023-12-07T22:05:57.200000Z, , , , , ,,
420, , ,CIDAS, ,das40, ,59.3598489765,-152.114442925,-61.9195460224, ,25,2023-12-07T21:07:57.200000Z, , , , , ,,
421, , ,CIDAS, ,das40, ,59.3598489765,-152.114442925,-61.9195460224, ,25,2023-12-07T19:38:57.200000Z, , , , , ,,
422, , ,CIDAS, ,das40, ,59.3598489765,-152.114442925,-61.9195460224, ,25,2023-12-07T19:06:57.200000Z, , , , , ,,
423, , ,CIDAS, ,das40, ,59.3598489765,-152.114442925,-61.9195460224, ,25,2023-12-07T17:54:57.200000Z, , , , , ,,
424, , ,CIDAS, ,das40, ,59.3598489765,-152.114442925,-61.9195460224, ,25,2023-12-07T15:53:57.200000Z, , , , , ,,
425, , ,CIDAS, ,das40, ,59.3598489765,-152.114442925,-61.9195460224, ,25,2023-12-07T15:51:57.200000Z, , , , , ,,
426, , ,CIDAS, ,das40, ,59.3598489765,-152.114442925,-61.9195460224, ,25,2023-12-07T15:44:57.200000Z, , , , , ,,
427, , ,CIDAS, ,das40, ,59.3598489765,-152.114442925,-61.9195460224, ,25,2023-12-07T15:08:57.200000Z, , , , , ,,
428, , ,CIDAS, ,das40, ,59.3598489765,-152.114442925,-61.9195460224, ,25,2023-12-07T15:02:57.200000Z, , , , , ,,
429, , ,CIDAS, ,das40, ,59.3598489765,-152.114442925,-61.9195460224, ,25,2023-12-07T13:26:57.200000Z, , , , , ,,
430, , ,CIDAS, ,das40, ,59.3598489765,-152.114442925,-61.9195460224, ,25,2023-12-07T13:10:57.200000Z, , , , , ,2023-12-07T13:11:12.870000Z,2023-12-07T13:11:03.510000Z
431, , ,CIDAS, ,das40, ,59.3598489765,-152.114442925,-61.9195460224, ,25,2023-12-07T12:11:57.200000Z, , , , , ,,
432, , ,CIDAS, ,das40, ,59.3598489765,-152.114442925,-61.9195460224, ,25,2023-12-07T11:57:57.200000Z, , , , , ,,
433, , ,CIDAS, ,das40, ,59.3598489765,-152.114442925,-61.9195460224, ,25,2023-12-07T11:12:57.200000Z, , , , , ,,
434, , ,CIDAS, ,das40, ,59.3598489765,-152.114442925,-61.9195460224, ,25,2023-12-07T10:35:57.200000Z, , , , , ,,
435, , ,CIDAS, ,das40, ,59.3598489765,-152.114442925,-61.9195460224, ,25,2023-12-07T10:33:57.200000Z, , , , , ,,
436, , ,CIDAS, ,das40, ,59.3598489765,-152.114442925,-61.9195460224, ,25,2023-12-07T10:26:57.200000Z, , , , , ,,
437, , ,CIDAS, ,das40, ,59.3598489765,-152.114442925,-61.9195460224, ,25,2023-12-07T09:36:57.200000Z, , , , , ,,
438, , ,CIDAS, ,das40, ,59.3598489765,-152.114442925,-61.9195460224, ,25,2023-12-07T07:56:57.200000Z, , , , , ,,
439, , ,CIDAS, ,das40, ,59.3598489765,-152.114442925,-61.9195460224, ,25,2023-12-07T05:27:57.200000Z, , , , , ,,
440, , ,CIDAS, ,das40, ,59.3598489765,-152.114442925,-61.9195460224, ,25,2023-12-07T02:56:57.200000Z, , , , , ,,2023-12-07T02:57:51.420001Z
441, , ,CIDAS, ,das40, ,59.3598489765,-152.114442925,-61.9195460224, ,25,2023-12-07T01:10:57.200000Z, , , , , ,,
442, , ,CIDAS, ,das40, ,59.3598489765,-152.114442925,-61.9195460224, ,25,2023-12-07T00:23:57.200000Z, , , , , ,,
443, , ,CIDAS, ,das40, ,59.3598489765,-152.114442925,-61.9195460224, ,25,2023-12-06T22:59:57.200000Z, , , , , ,,
444, , ,CIDAS, ,das40, ,59.3598489765,-152.114442925,-61.9195460224, ,25,2023-12-06T21:30:57.200000Z, , , , , ,,
445, , ,CIDAS, ,das40, ,59.3598489765,-152.114442925,-61.9195460224, ,25,2023-12-06T20:36:57.200000Z, , , , , ,,
446, , ,CIDAS, ,das40, ,59.3598489765,-152.114442925,-61.9195460224, ,25,2023-12-06T20:17:57.200000Z, , , , , ,,
447, , ,CIDAS, ,das40, ,59.3598489765,-152.114442925,-61.9195460224, ,25,2023-12-06T15:54:57.200000Z, , , , , ,,
448, , ,CIDAS, ,das40, ,59.3598489765,-152.114442925,-61.9195460224, ,25,2023-12-06T15:54:57.200000Z, , , , , ,,
449, , ,CIDAS, ,das40, ,59.3598489765,-152.114442925,-61.9195460224, ,25,2023-12-06T14:23:57.200000Z, , , , , ,,
450, , ,CIDAS, ,das40, ,59.3598489765,-152.114442925,-61.9195460224, ,25,2023-12-06T14:14:57.200000Z, , , , , ,,
451, , ,CIDAS, ,das40, ,59.3598489765,-152.114442925,-61.9195460224, ,25,2023-12-06T12:07:57.200000Z, , , , , ,2023-12-06T12:08:40.369998Z,
452, , ,CIDAS, ,das40, ,59.3598489765,-152.114442925,-61.9195460224, ,25,2023-12-06T10:42:57.200000Z, , , , , ,,
453, , ,CIDAS, ,das40, ,59.3598489765,-152.114442925,-61.9195460224, ,25,2023-12-06T10:38:57.200000Z, , , , , ,,
454, , ,CIDAS, ,das40, ,59.3598489765,-152.114442925,-61.9195460224, ,25,2023-12-06T08:40:57.200000Z, , , , , ,,
455, , ,CIDAS, ,das40, ,59.3598489765,-152.114442925,-61.9195460224, ,25,2023-12-06T06:09:57.200000Z, , , , , ,,
456, , ,CIDAS, ,das40, ,59.3598489765,-152.114442925,-61.9195460224, ,25,2023-12-06T03:19:57.200000Z, , , , , ,,
457, , ,CIDAS, ,das40, ,59.3598489765,-152.114442925,-61.9195460224, ,25,2023-12-06T03:07:57.200000Z, , , , , ,,
458, , ,CIDAS, ,das40, ,59.3598489765,-152.114442925,-61.9195460224, ,25,2023-12-06T03:07:57.200000Z, , , , , ,,
459, , ,CIDAS, ,das40, ,59.3598489765,-152.114442925,-61.9195460224, ,25,2023-12-06T01:35:57.200000Z, , , , , ,,
460, , ,CIDAS, ,das40, ,59.3598489765,-152.114442925,-61.9195460224, ,25,2023-12-05T23:36:57.200000Z, , , , , ,,
461, , ,CIDAS, ,das40, ,59.3598489765,-152.114442925,-61.9195460224, ,25,2023-12-05T23:03:57.200000Z, , , , , ,,
462, , ,CIDAS, ,das40, ,59.3598489765,-152.114442925,-61.9195460224, ,25,2023-12-05T22:59:57.200000Z, , , , , ,,
463, , ,CIDAS, ,das40, ,59.3598489765,-152.114442925,-61.9195460224, ,25,2023-12-05T22:54:57.200000Z, , , , , ,,
464, , ,CIDAS, ,das40, ,59.3598489765,-152.114442925,-61.9195460224, ,25,2023-12-05T22:21:57.200000Z, , , , , ,,
465, , ,CIDAS, ,das40, ,59.3598489765,-152.114442925,-61.9195460224, ,25,2023-12-05T21:39:57.200000Z, , , , , ,,
466, , ,CIDAS, ,das40, ,59.3598489765,-152.114442925,-61.9195460224, ,25,2023-12-05T20:49:57.200000Z, , , , , ,,
467, , ,CIDAS, ,das40, ,59.3598489765,-152.114442925,-61.9195460224, ,25,2023-12-05T20:43:57.200000Z, , , , , ,,
468, , ,CIDAS, ,das40, ,59.3598489765,-152.114442925,-61.9195460224, ,25,2023-12-05T20:18:57.200000Z, , , , , ,,
469, , ,CIDAS, ,das40, ,59.3598489765,-152.114442925,-61.9195460224, ,25,2023-12-05T20:14:57.200000Z, , , , , ,,
470, , ,CIDAS, ,das40, ,59.3598489765,-152.114442925,-61.9195460224, ,25,2023-12-05T20:08:57.200000Z, , , , , ,,
471, , ,CIDAS, ,das40, ,59.3598489765,-152.114442925,-61.9195460224, ,25,2023-12-05T19:41:57.200000Z, , , , , ,,
472, , ,CIDAS, ,das40, ,59.3598489765,-152.114442925,-61.9195460224, ,25,2023-12-05T18:54:57.200000Z, , , , , ,,
473, , ,CIDAS, ,das40, ,59.3598489765,-152.114442925,-61.9195460224, ,25,2023-12-05T16:34:57.200000Z, , , , , ,,
474, , ,CIDAS, ,das40, ,59.3598489765,-152.114442925,-61.9195460224, ,25,2023-12-05T15:01:57.200000Z, , , , , ,,
475, , ,CIDAS, ,das40, ,59.3598489765,-152.114442925,-61.9195460224, ,25,2023-12-05T12:09:57.200000Z, , , , , ,,
476, , ,CIDAS, ,das40, ,59.3598489765,-152.114442925,-61.9195460224, ,25,2023-12-05T12:08:57.200000Z, , , , , ,,
477, , ,CIDAS, ,das40, ,59.3598489765,-152.114442925,-61.9195460224, ,25,2023-12-05T10:13:57.200000Z, , , , , ,,
478, , ,CIDAS, ,das40, ,59.3598489765,-152.114442925,-61.9195460224, ,25,2023-12-05T09:55:57.200000Z, , , , , ,,
479, , ,CIDAS, ,das40, ,59.3598489765,-152.114442925,-61.9195460224, ,25,2023-12-05T08:56:57.200000Z, , , , , ,,
480, , ,CIDAS, ,das40, ,59.3598489765,-152.114442925,-61.9195460224, ,25,2023-12-05T07:25:57.200000Z, , , , , ,2023-12-05T07:26:26.249999Z,
481, , ,CIDAS, ,das40, ,59.3598489765,-152.114442925,-61.9195460224, ,25,2023-12-05T05:28:57.200000Z, , , , , ,,
482, , ,CIDAS, ,das40, ,59.3598489765,-152.114442925,-61.9195460224, ,25,2023-12-05T05:23:57.200000Z, , , , , ,2023-12-05T05:24:23.009999Z,
483, , ,CIDAS, ,das40, ,59.3598489765,-152.114442925,-61.9195460224, ,25,2023-12-05T03:52:57.200000Z, , , , , ,,
484, , ,CIDAS, ,das40, ,59.3598489765,-152.114442925,-61.9195460224, ,25,2023-12-05T03:25:57.200000Z, , , , , ,,
485, , ,CIDAS, ,das40, ,59.3598489765,-152.114442925,-61.9195460224, ,25,2023-12-04T23:57:57.200000Z, , , , , ,,
486, , ,CIDAS, ,das40, ,59.3598489765,-152.114442925,-61.9195460224, ,25,2023-12-04T23:43:57.200000Z, , , , , ,,
487, , ,CIDAS, ,das40, ,59.3598489765,-152.114442925,-61.9195460224, ,25,2023-12-04T21:55:57.200000Z, , , , , ,,
488, , ,CIDAS, ,das40, ,59.3598489765,-152.114442925,-61.9195460224, ,25,2023-12-04T17:04:57.200000Z, , , , , ,,
489, , ,CIDAS, ,das40, ,59.3598489765,-152.114442925,-61.9195460224, ,25,2023-12-04T15:44:57.200000Z, , , , , ,,
490, , ,CIDAS, ,das40, ,59.3598489765,-152.114442925,-61.9195460224, ,25,2023-12-04T13:53:57.200000Z, , , , , ,,
491, , ,CIDAS, ,das40, ,59.3598489765,-152.114442925,-61.9195460224, ,25,2023-12-04T11:46:57.200000Z, , , , , ,,
492, , ,CIDAS, ,das40, ,59.3598489765,-152.114442925,-61.9195460224, ,25,2023-12-04T11:09:57.200000Z, , , , , ,,
493, , ,CIDAS, ,das40, ,59.3598489765,-152.114442925,-61.9195460224, ,25,2023-12-04T10:15:57.200000Z, , , , , ,,
494, , ,CIDAS, ,das40, ,59.3598489765,-152.114442925,-61.9195460224, ,25,2023-12-04T09:45:57.200000Z, , , , , ,,
495, , ,CIDAS, ,das40, ,59.3598489765,-152.114442925,-61.9195460224, ,25,2023-12-04T05:58:57.200000Z, , , , , ,,
496, , ,CIDAS, ,das40, ,59.3598489765,-152.114442925,-61.9195460224, ,25,2023-12-04T05:37:57.200000Z, , , , , ,,
497, , ,CIDAS, ,das40, ,59.3598489765,-152.114442925,-61.9195460224, ,25,2023-12-04T01:50:57.200000Z, , , , , ,,
498, , ,CIDAS, ,das40, ,59.3598489765,-152.114442925,-61.9195460224, ,25,2023-12-04T01:24:57.200000Z, , , , , ,,
499, , ,CIDAS, ,das40, ,59.3598489765,-152.114442925,-61.9195460224, ,25,2023-12-04T01:04:57.200000Z, , , , , ,,
500, , ,CIDAS, ,das40, ,59.3598489765,-152.114442925,-61.9195460224, ,25,2023-12-03T23:51:57.200000Z, , , , , ,,
501, , ,CIDAS, ,das40, ,59.3598489765,-152.114442925,-61.9195460224, ,25,2023-12-03T23:41:57.200000Z, , , , , ,,
502, , ,CIDAS, ,das40, ,59.3598489765,-152.114442925,-61.9195460224, ,25,2023-12-03T23:10:57.200000Z, , , , , ,,
503, , ,CIDAS, ,das40, ,59.3598489765,-152.114442925,-61.9195460224, ,25,2023-12-03T22:36:57.200000Z, , , , , ,,
504, , ,CIDAS, ,das40, ,59.3598489765,-152.114442925,-61.9195460224, ,25,2023-12-03T20:14:57.200000Z, , , , , ,,
505, , ,CIDAS, ,das40, ,59.3598489765,-152.114442925,-61.9195460224, ,25,2023-12-03T19:28:57.200000Z, , , , , ,,
506, , ,CIDAS, ,das40, ,59.3598489765,-152.114442925,-61.9195460224, ,25,2023-12-03T19:26:57.200000Z, , , , , ,,
507, , ,CIDAS, ,das40, ,59.3598489765,-152.114442925,-61.9195460224, ,25,2023-12-03T18:14:57.200000Z, , , , , ,,
508, , ,CIDAS, ,das40, ,59.3598489765,-152.114442925,-61.9195460224, ,25,2023-12-03T17:39:57.200000Z, , , , , ,,
509, , ,CIDAS, ,das40, ,59.3598489765,-152.114442925,-61.9195460224, ,25,2023-12-03T17:30:57.200000Z, , , , , ,,
510, , ,CIDAS, ,das40, ,59.3598489765,-152.114442925,-61.9195460224, ,25,2023-12-03T15:29:57.200000Z, , , , , ,,
511, , ,CIDAS, ,das40, ,59.3598489765,-152.114442925,-61.9195460224, ,25,2023-12-03T11:11:57.200000Z, , , , , ,,
512, , ,CIDAS, ,das40, ,59.3598489765,-152.114442925,-61.9195460224, ,25,2023-12-03T10:56:57.200000Z, , , , , ,,
513, , ,CIDAS, ,das40, ,59.3598489765,-152.114442925,-61.9195460224, ,25,2023-12-03T07:48:57.200000Z, , , , , ,2023-12-03T07:49:32.459998Z,
514, , ,CIDAS, ,das40, ,59.3598489765,-152.114442925,-61.9195460224, ,25,2023-12-03T07:29:57.200000Z, , , , , ,2023-12-03T07:30:30.819999Z,2023-12-03T07:30:24.339999Z
515, , ,CIDAS, ,das40, ,59.3598489765,-152.114442925,-61.9195460224, ,25,2023-12-03T06:36:57.200000Z, , , , , ,,
516, , ,CIDAS, ,das40, ,59.3598489765,-152.114442925,-61.9195460224, ,25,2023-12-02T23:16:57.200000Z, , , , , ,2023-12-02T23:17:10.130000Z,
517, , ,CIDAS, ,das40, ,59.3598489765,-152.114442925,-61.9195460224, ,25,2023-12-02T23:16:57.200000Z, , , , , ,2023-12-02T23:17:10.130000Z,
518, , ,CIDAS, ,das40, ,59.3598489765,-152.114442925,-61.9195460224, ,25,2023-12-02T20:52:57.200000Z, , , , , ,,
519, , ,CIDAS, ,das40, ,59.3598489765,-152.114442925,-61.9195460224, ,25,2023-12-02T20:25:57.200000Z, , , , , ,2023-12-02T20:26:16.480001Z,
520, , ,CIDAS, ,das40, ,59.3598489765,-152.114442925,-61.9195460224, ,25,2023-12-02T16:12:57.200000Z, , , , , ,,
521, , ,CIDAS, ,das40, ,59.3598489765,-152.114442925,-61.9195460224, ,25,2023-12-02T14:56:57.200000Z, , , , , ,,
522, , ,CIDAS, ,das40, ,59.3598489765,-152.114442925,-61.9195460224, ,25,2023-12-02T10:54:57.200000Z, , , , , ,,
523, , ,CIDAS, ,das40, ,59.3598489765,-152.114442925,-61.9195460224, ,25,2023-12-02T10:27:57.200000Z, , , , , ,2023-12-02T10:28:43.060001Z,2023-12-02T10:28:24.220000Z
524, , ,CIDAS, ,das40, ,59.3598489765,-152.114442925,-61.9195460224, ,25,2023-12-02T09:49:57.200000Z, , , , , ,,
525, , ,CIDAS, ,das40, ,59.3598489765,-152.114442925,-61.9195460224, ,25,2023-12-02T09:45:57.200000Z, , , , , ,,
526, , ,CIDAS, ,das40, ,59.3598489765,-152.114442925,-61.9195460224, ,25,2023-12-02T09:43:57.200000Z, , , , , ,,
527, , ,CIDAS, ,das40, ,59.3598489765,-152.114442925,-61.9195460224, ,25,2023-12-02T08:19:57.200000Z, , , , , ,,
528, , ,CIDAS, ,das40, ,59.3598489765,-152.114442925,-61.9195460224, ,25,2023-12-02T07:47:57.200000Z, , , , , ,,
529, , ,CIDAS, ,das40, ,59.3598489765,-152.114442925,-61.9195460224, ,25,2023-12-02T06:07:57.200000Z, , , , , ,,
530, , ,CIDAS, ,das40, ,59.3598489765,-152.114442925,-61.9195460224, ,25,2023-12-02T02:43:57.200000Z, , , , , ,,
531, , ,CIDAS, ,das40, ,59.3598489765,-152.114442925,-61.9195460224, ,25,2023-12-02T02:36:57.200000Z, , , , , ,,
532, , ,CIDAS, ,das40, ,59.3598489765,-152.114442925,-61.9195460224, ,25,2023-12-02T01:57:57.200000Z, , , , , ,2023-12-02T01:58:11.880000Z,
533, , ,CIDAS, ,das40, ,59.3598489765,-152.114442925,-61.9195460224, ,25,2023-12-02T01:38:57.200000Z, , , , , ,,
534, , ,CIDAS, ,das40, ,59.3598489765,-152.114442925,-61.9195460224, ,25,2023-12-02T01:03:57.200000Z, , , , , ,,
535, , ,CIDAS, ,das40, ,59.3598489765,-152.114442925,-61.9195460224, ,25,2023-12-02T01:00:57.200000Z, , , , , ,,
536, , ,CIDAS, ,das40, ,59.3598489765,-152.114442925,-61.9195460224, ,25,2023-12-01T23:02:57.200000Z, , , , , ,,
537, , ,CIDAS, ,das40, ,59.3598489765,-152.114442925,-61.9195460224, ,25,2023-12-01T22:53:57.200000Z, , , , , ,,
538, , ,CIDAS, ,das40, ,59.3598489765,-152.114442925,-61.9195460224, ,25,2023-12-01T21:27:57.200000Z, , , , , ,,
539, , ,CIDAS, ,das40, ,59.3598489765,-152.114442925,-61.9195460224, ,25,2023-12-01T20:14:57.200000Z, , , , , ,,
540, , ,CIDAS, ,das40, ,59.3598489765,-152.114442925,-61.9195460224, ,25,2023-12-01T19:11:57.200000Z, , , , , ,,
541, , ,CIDAS, ,das40, ,59.3598489765,-152.114442925,-61.9195460224, ,25,2023-12-01T18:32:57.200000Z, , , , , ,,
542, , ,CIDAS, ,das40, ,59.3598489765,-152.114442925,-61.9195460224, ,25,2023-12-01T17:33:57.200000Z, , , , , ,,
543, , ,CIDAS, ,das40, ,59.3598489765,-152.114442925,-61.9195460224, ,25,2023-12-01T17:04:57.200000Z, , , , , ,,
544, , ,CIDAS, ,das40, ,59.3598489765,-152.114442925,-61.9195460224, ,25,2023-12-01T16:32:57.200000Z, , , , , ,,
545, , ,CIDAS, ,das40, ,59.3598489765,-152.114442925,-61.9195460224, ,25,2023-12-01T13:36:57.200000Z, , , , , ,,
546, , ,CIDAS, ,das40, ,59.3598489765,-152.114442925,-61.9195460224, ,25,2023-12-01T13:20:57.200000Z, , , , , ,,
547, , ,CIDAS, ,das40, ,59.3598489765,-152.114442925,-61.9195460224, ,25,2023-12-01T10:32:57.200000Z, , , , , ,,
548, , ,CIDAS, ,das40, ,59.3598489765,-152.114442925,-61.9195460224, ,25,2023-12-01T08:12:57.200000Z, , , , , ,,
549, , ,CIDAS, ,das40, ,59.3598489765,-152.114442925,-61.9195460224, ,25,2023-12-01T07:32:57.200000Z, , , , , ,,
550, , ,CIDAS, ,das40, ,59.3598489765,-152.114442925,-61.9195460224, ,25,2023-12-01T06:53:57.200000Z, , , , , ,,
551, , ,CIDAS, ,das40, ,59.3598489765,-152.114442925,-61.9195460224, ,25,2023-12-01T05:50:57.200000Z, , , , , ,,2023-12-01T05:51:21.430000Z
552, , ,CIDAS, ,das40, ,59.3598489765,-152.114442925,-61.9195460224, ,25,2023-12-01T04:39:57.200000Z, , , , , ,,
553, , ,CIDAS, ,das40, ,59.3598489765,-152.114442925,-61.9195460224, ,25,2023-12-01T03:45:57.200000Z, , , , , ,,
554, , ,CIDAS, ,das40, ,59.3598489765,-152.114442925,-61.9195460224, ,25,2023-12-01T01:26:57.200000Z, , , , , ,,
